{"cameraMode":{"drawMode":0,"name":"Shaded","section":"Shading Mode"},"sceneLighting":false,"audioPlay":false,"sceneViewState":{"m_AlwaysRefresh":false,"showFog":true,"showSkybox":false,"showFlares":true,"showImageEffects":true,"showParticleSystems":true,"showVisualEffectGraphs":true,"m_FxEnabled":true},"in2DMode":false,"pivot":{"x":-16.33609962463379,"y":2.249500036239624,"z":-9.78380012512207},"rotation":{"x":0.004807760939002037,"y":-0.9813446402549744,"z":0.19076670706272126,"w":0.024645604193210603},"size":0.04330088570713997,"orthographic":false}