{"cameraMode":{"drawMode":0,"name":"Shaded","section":"Shading Mode"},"sceneLighting":false,"audioPlay":false,"sceneViewState":{"m_AlwaysRefresh":false,"showFog":true,"showSkybox":true,"showFlares":true,"showImageEffects":true,"showParticleSystems":true,"showVisualEffectGraphs":true,"m_FxEnabled":true},"in2DMode":false,"pivot":{"x":1.0805448293685914,"y":5.975556373596191,"z":-4.586495399475098},"rotation":{"x":0.3438519239425659,"y":0.00356270675547421,"z":-0.0013676556991413236,"w":0.9390777349472046},"size":5.813213348388672,"orthographic":false}